Step,Action,Reasoning,Observation,Reward,Done
0,search,,"message:


language observation:
stairs down very far eastsoutheast
grid bug far eastsoutheast
lava near eastnortheast and east
area of lava near eastsoutheast
horizontal wall near southeast and south
horizontal wall very near north and northeast
vertical wall very near southwest and west
northwest room corner very near northwest
sewer rat adjacent north

cursor:
Yourself a tourist
(x=26, y=10)

map:
                                                                                
                                                                                
                                                                                
                                                                                
                                                                                
                                                                                
                                                                                
                        --------------                                          
                        |.r...}......---                                        
                        |.@...}........-                                        
                        |.....}.x................>..|                           
                        |.....}........--------     |                           
                        |.....}......---                                        
                        --------------                                          
                                                                                
                                                                                
                                                                                
                                                                                
                                                                                
                                                                                
                                                                                
Agent the Rambler              St:11 Dx:13 Co:16 In:12 Wi:10 Ch:13 Neutral S:0  
Dlvl:1 $:125 HP:10(10) Pw:2(2) AC:10 Xp:1/0                                     

",0.0,False
1,east,,"message:
The sewer rat just misses!

language observation:
stairs down very far eastsoutheast
lava near eastnortheast, east, and southeast
area of lava near eastsoutheast
grid bug near eastsoutheast
horizontal wall near southeast and south
vertical wall near southwest and west
horizontal wall very near north, northeast, and northwest
horn adjacent west
sewer rat adjacent northwest

cursor:
Yourself a tourist
(x=27, y=10)

map:
                                                                                
                                                                                
                                                                                
                                                                                
                                                                                
                                                                                
                                                                                
                        --------------                                          
                        |.r...}......---                                        
                        |.(@..}........-                                        
                        |.....}x.................>..|                           
                        |.....}........--------     |                           
                        |.....}......---                                        
                        --------------                                          
                                                                                
                                                                                
                                                                                
                                                                                
                                                                                
                                                                                
                                                                                
Agent the Rambler              St:11 Dx:13 Co:16 In:12 Wi:10 Ch:13 Neutral S:0  
Dlvl:1 $:125 HP:10(10) Pw:2(2) AC:10 Xp:1/0                                     

",0.0,False
2,east,,"message:


language observation:
stairs down very far eastsoutheast
grid bug near east
horizontal wall near southeast and south
lava near southsoutheast
southwest corner near southwest
vertical wall near west
horizontal wall very near north, northeast, and northwest
lava very near eastnortheast, east, eastsoutheast, and southeast
horn very near west
sewer rat adjacent west

cursor:
Yourself a tourist
(x=28, y=10)

map:
                                                                                
                                                                                
                                                                                
                                                                                
                                                                                
                                                                                
                                                                                
                        --------------                                          
                        |.....}......---                                        
                        |.(r@.}x.......-                                        
                        |.....}..................>..|                           
                        |.....}........--------     |                           
                        |.....}......---                                        
                        --------------                                          
                                                                                
                                                                                
                                                                                
                                                                                
                                                                                
                                                                                
                                                                                
Agent the Rambler              St:11 Dx:13 Co:16 In:12 Wi:10 Ch:13 Neutral S:0  
Dlvl:1 $:125 HP:10(10) Pw:2(2) AC:10 Xp:1/0                                     

",0.0,False
3,east,,"message:


language observation:
stairs down very far eastsoutheast
horizontal wall near southeast, south, and southwest
lava near southsoutheast
horn near west
vertical wall near west
horizontal wall very near north, northeast, and northwest
grid bug very near eastnortheast
lava very near southsoutheast
lava adjacent northeast, east, and southeast
sewer rat adjacent west

cursor:
Yourself a tourist
(x=29, y=10)

map:
                                                                                
                                                                                
                                                                                
                                                                                
                                                                                
                                                                                
                                                                                
                        --------------                                          
                        |.....}x.....---                                        
                        |.(.r@}........-                                        
                        |.....}..................>..|                           
                        |.....}........--------     |                           
                        |.....}......---                                        
                        --------------                                          
                                                                                
                                                                                
                                                                                
                                                                                
                                                                                
                                                                                
                                                                                
Agent the Rambler              St:11 Dx:13 Co:16 In:12 Wi:10 Ch:13 Neutral S:0  
Dlvl:1 $:125 HP:10(10) Pw:2(2) AC:10 Xp:1/0                                     

",0.0,False
4,east,,"message:
 
No  Points     Name                                                   Hp [max]
0  Agent-Tou-Hum-Mal-Neu died in The Dungeons of Doom on
level 1.  Burned by molten lava.                        -  [10]


language observation:
dark area adjacent east, southeast, and south

cursor:
very far eastsoutheast 
(x=77, y=6)

map:
 No  Points     Name                                                   Hp [max] 
                                                                                
            0  Agent-Tou-Hum-Mal-Neu died in The Dungeons of Doom on            
                                                                                
              level 1.  Burned by molten lava.                        -  [10]   
                                                                                
                                                                                
                                                                                
                                                                                
                                                                                
                                                                                
                                                                                
                                                                                
                                                                                
                                                                                
                                                                                
                                                                                
                                                                                
                                                                                
                                                                                
                                                                                
                                                                                
                                                                                

",0.0,True
